{
    "CutBasedID_LooseWP" : {
        "eta_pt_ratio" : {
            "eta:[-2.500,-2.000]": {
                "pt:[10.000,20.000]": {
                    "value": 1.11505922166,
                    "error": 0.0249209536666
                },
                "pt:[20.000,30.000]": {
                    "value": 1.00272479564,
                    "error": 0.00871435927154
                },
                "pt:[30.000,40.000]": {
                    "value": 1.01575757576,
                    "error": 0.00600060363854
                },
                "pt:[40.000,50.000]": {
                    "value": 1.01042873696,
                    "error": 0.00575554373482
                },
                "pt:[50.000,200.000]": {
                    "value": 1.00799086758,
                    "error": 0.00976852721169
                }
            },
            "eta:[-2.000,-1.566]": {
                "pt:[10.000,20.000]": {
                    "value": 1.08406304729,
                    "error": 0.0275675412149
                },
                "pt:[20.000,30.000]": {
                    "value": 1.05518169583,
                    "error": 0.00741712578951
                },
                "pt:[30.000,40.000]": {
                    "value": 1.00118343195,
                    "error": 0.0052874644795
                },
                "pt:[40.000,50.000]": {
                    "value": 1.00789177001,
                    "error": 0.00317629720986
                },
                "pt:[50.000,200.000]": {
                    "value": 1.01109877913,
                    "error": 0.00939160446966
                }
            },
            "eta:[-1.566,-1.444]": {
                "pt:[10.000,20.000]": {
                    "value": 1.13849765258,
                    "error": 0.0562384624631
                },
                "pt:[20.000,30.000]": {
                    "value": 1.14747474747,
                    "error": 0.0598506059971
                },
                "pt:[30.000,40.000]": {
                    "value": 0.935483870968,
                    "error": 0.0193562360934
                },
                "pt:[40.000,50.000]": {
                    "value": 1.02342786683,
                    "error": 0.0168323694584
                },
                "pt:[50.000,200.000]": {
                    "value": 1.02524038462,
                    "error": 0.0237130397218
                }
            },
            "eta:[-1.444,-0.800]": {
                "pt:[10.000,20.000]": {
                    "value": 1.10272873194,
                    "error": 0.0258583679235
                },
                "pt:[20.000,30.000]": {
                    "value": 1.07460732984,
                    "error": 0.0082962762252
                },
                "pt:[30.000,40.000]": {
                    "value": 1.0057208238,
                    "error": 0.00255552619576
                },
                "pt:[40.000,50.000]": {
                    "value": 0.990238611714,
                    "error": 0.00244438075605
                },
                "pt:[50.000,200.000]": {
                    "value": 0.998932764141,
                    "error": 0.00238692206397
                }
            },
            "eta:[-0.800,0.000]": {
                "pt:[10.000,20.000]": {
                    "value": 1.009375,
                    "error": 0.0477102504698
                },
                "pt:[20.000,30.000]": {
                    "value": 1.03470437018,
                    "error": 0.00536259324185
                },
                "pt:[30.000,40.000]": {
                    "value": 0.985159817352,
                    "error": 0.00162660392907
                },
                "pt:[40.000,50.000]": {
                    "value": 0.990249187432,
                    "error": 0.00153975447108
                },
                "pt:[50.000,200.000]": {
                    "value": 1.00106723586,
                    "error": 0.00543627816967
                }
            },
            "eta:[0.000,0.800]": {
                "pt:[10.000,20.000]": {
                    "value": 1.10989010989,
                    "error": 0.0214210286717
                },
                "pt:[20.000,30.000]": {
                    "value": 0.998711340206,
                    "error": 0.0046481744832
                },
                "pt:[30.000,40.000]": {
                    "value": 0.997714285714,
                    "error": 0.0016180964982
                },
                "pt:[40.000,50.000]": {
                    "value": 0.990249187432,
                    "error": 0.00153975447108
                },
                "pt:[50.000,200.000]": {
                    "value": 0.994646680942,
                    "error": 0.00303645484139
                }
            },
            "eta:[0.800,1.444]": {
                "pt:[10.000,20.000]": {
                    "value": 1.13957307061,
                    "error": 0.0143827359156
                },
                "pt:[20.000,30.000]": {
                    "value": 0.969973890339,
                    "error": 0.00562507547441
                },
                "pt:[30.000,40.000]": {
                    "value": 0.988532110092,
                    "error": 0.00517624816902
                },
                "pt:[40.000,50.000]": {
                    "value": 0.995652173913,
                    "error": 0.00243900322607
                },
                "pt:[50.000,200.000]": {
                    "value": 0.976470588235,
                    "error": 0.00306171913869
                }
            },
            "eta:[1.444,1.566]": {
                "pt:[10.000,20.000]": {
                    "value": 1.21818181818,
                    "error": 0.0960723452912
                },
                "pt:[20.000,30.000]": {
                    "value": 1.13214990138,
                    "error": 0.0278251615401
                },
                "pt:[30.000,40.000]": {
                    "value": 0.948604992658,
                    "error": 0.0128020215131
                },
                "pt:[40.000,50.000]": {
                    "value": 1.00619578686,
                    "error": 0.0183208333708
                },
                "pt:[50.000,200.000]": {
                    "value": 0.90586797066,
                    "error": 0.0207084718677
                }
            },
            "eta:[1.566,2.000]": {
                "pt:[10.000,20.000]": {
                    "value": 1.07705779335,
                    "error": 0.0290399554131
                },
                "pt:[20.000,30.000]": {
                    "value": 1.03238866397,
                    "error": 0.00751528513837
                },
                "pt:[30.000,40.000]": {
                    "value": 0.951306413302,
                    "error": 0.0034462210708
                },
                "pt:[40.000,50.000]": {
                    "value": 1.01131221719,
                    "error": 0.00404714767884
                },
                "pt:[50.000,200.000]": {
                    "value": 0.990022172949,
                    "error": 0.00472735451522
                }
            },
            "eta:[2.000,2.500]": {
                "pt:[10.000,20.000]": {
                    "value": 1.06754530478,
                    "error": 0.0249462103852
                },
                "pt:[20.000,30.000]": {
                    "value": 1.04194857916,
                    "error": 0.00853014665706
                },
                "pt:[30.000,40.000]": {
                    "value": 1.03284671533,
                    "error": 0.00595964456763
                },
                "pt:[40.000,50.000]": {
                    "value": 0.996515679443,
                    "error": 0.00419214284281
                },
                "pt:[50.000,200.000]": {
                    "value": 1.00574052813,