{
    "CutBasedID_TightWP" : {
        "eta_pt_ratio" : {
            "eta:[-2.500,-2.000]": {
                "pt:[10.000,20.000]": {
                    "value": 1.21981424149,
                    "error": 0.0320268561049
                },
                "pt:[20.000,30.000]": {
                    "value": 1.04426559356,
                    "error": 0.0252152619846
                },
                "pt:[30.000,40.000]": {
                    "value": 0.9856,
                    "error": 0.0123358109342
                },
                "pt:[40.000,50.000]": {
                    "value": 0.994269340974,
                    "error": 0.00718977488318
                },
                "pt:[50.000,200.000]": {
                    "value": 0.99730820996,
                    "error": 0.0168744641145
                }
            },
            "eta:[-2.000,-1.566]": {
                "pt:[10.000,20.000]": {
                    "value": 0.971698113208,
                    "error": 0.0787982761371
                },
                "pt:[20.000,30.000]": {
                    "value": 0.995951417004,
                    "error": 0.0321239808866
                },
                "pt:[30.000,40.000]": {
                    "value": 0.915094339623,
                    "error": 0.00698714648676
                },
                "pt:[40.000,50.000]": {
                    "value": 1.00564971751,
                    "error": 0.00508380060787
                },
                "pt:[50.000,200.000]": {
                    "value": 0.98814229249,
                    "error": 0.0118975480606
                }
            },
            "eta:[-1.566,-1.444]": {
                "pt:[10.000,20.000]": {
                    "value": 1.10313901345,
                    "error": 0.0907884788909
                },
                "pt:[20.000,30.000]": {
                    "value": 1.19365079365,
                    "error": 0.0372728691553
                },
                "pt:[30.000,40.000]": {
                    "value": 0.913319238901,
                    "error": 0.0464045868671
                },
                "pt:[40.000,50.000]": {
                    "value": 1.01935483871,
                    "error": 0.0241735198699
                },
                "pt:[50.000,200.000]": {
                    "value": 1.10903426791,
                    "error": 0.0230707087497
                }
            },
            "eta:[-1.444,-0.800]": {
                "pt:[10.000,20.000]": {
                    "value": 1.16577540107,
                    "error": 0.0411946387779
                },
                "pt:[20.000,30.000]": {
                    "value": 0.972972972973,
                    "error": 0.0482410934723
                },
                "pt:[30.000,40.000]": {
                    "value": 0.987786259542,
                    "error": 0.0068953093577
                },
                "pt:[40.000,50.000]": {
                    "value": 0.982384823848,
                    "error": 0.00386707059589
                },
                "pt:[50.000,200.000]": {
                    "value": 0.983397190294,
                    "error": 0.00546437430844
                }
            },
            "eta:[-0.800,0.000]": {
                "pt:[10.000,20.000]": {
                    "value": 1.0447761194,
                    "error": 0.0225231425256
                },
                "pt:[20.000,30.000]": {
                    "value": 0.893772893773,
                    "error": 0.0192436984994
                },
                "pt:[30.000,40.000]": {
                    "value": 0.99251497006,
                    "error": 0.00335247123895
                },
                "pt:[40.000,50.000]": {
                    "value": 0.970548862115,
                    "error": 0.00301178355635
                },
                "pt:[50.000,200.000]": {
                    "value": 0.96992481203,
                    "error": 0.00461568014579
                }
            },
            "eta:[0.000,0.800]": {
                "pt:[10.000,20.000]": {
                    "value": 1.03299492386,
                    "error": 0.0663066099111
                },
                "pt:[20.000,30.000]": {
                    "value": 1.01109057301,
                    "error": 0.0191040505685
                },
                "pt:[30.000,40.000]": {
                    "value": 0.965517241379,
                    "error": 0.00553999624745
                },
                "pt:[40.000,50.000]": {
                    "value": 0.967871485944,
                    "error": 0.00192486959238
                },
                "pt:[50.000,200.000]": {
                    "value": 0.984848484848,
                    "error": 0.00460106506415
                }
            },
            "eta:[0.800,1.444]": {
                "pt:[10.000,20.000]": {
                    "value": 1.12876712329,
                    "error": 0.0240807582129
                },
                "pt:[20.000,30.000]": {
                    "value": 1.00775193798,
                    "error": 0.0298696021773
                },
                "pt:[30.000,40.000]": {
                    "value": 0.970992366412,
                    "error": 0.0084337876623
                },
                "pt:[40.000,50.000]": {
                    "value": 0.983695652174,
                    "error": 0.00387495034742
                },
                "pt:[50.000,200.000]": {
                    "value": 0.979617834395,
                    "error": 0.00645455546692
                }
            },
            "eta:[1.444,1.566]": {
                "pt:[10.000,20.000]": {
                    "value": 1.30733944954,
                    "error": 0.0888042170099
                },
                "pt:[20.000,30.000]": {
                    "value": 1.24590163934,
                    "error": 0.0446457880098
                },
                "pt:[30.000,40.000]": {
                    "value": 0.945263157895,
                    "error": 0.0640784215949
                },
                "pt:[40.000,50.000]": {
                    "value": 0.988580750408,
                    "error": 0.025090242663
                },
                "pt:[50.000,200.000]": {
                    "value": 1.0953125,
                    "error": 0.0232732658086
                }
            },
            "eta:[1.566,2.000]": {
                "pt:[10.000,20.000]": {
                    "value": 1.0773993808,
                    "error": 0.0844952053755
                },
                "pt:[20.000,30.000]": {
                    "value": 1.0020242915,
                    "error": 0.0262704974233
                },
                "pt:[30.000,40.000]": {
                    "value": 0.935534591195,
                    "error": 0.0126751021889
                },
                "pt:[40.000,50.000]": {
                    "value": 0.991596638655,
                    "error": 0.00704084003945
                },
                "pt:[50.000,200.000]": {
                    "value": 0.982005141388,
                    "error": 0.0083225228674
                }
            },
            "eta:[2.000,2.500]": {
                "pt:[10.000,20.000]": {
                    "value": 1.00967741935,
                    "error": 0.0341486626116
                },
                "pt:[20.000,30.000]": {
                    "value": 1.03036437247,
                    "error": 0.0348987845129
                },
                "pt:[30.000,40.000]": {
                    "value": 0.988764044944,
                    "error": 0.0123418150296
                },
                "pt:[40.000,50.000]": {
                    "value": 0.991379310345,
                    "error": 0.00843143222877
                },
                "pt:[50.000,200.000]": {
                    "value": 0.991858887381,