{
    "Graph": {
        "pt_eta_ratio": {
            "pt:[0.0,10000.0]": {
                "eta:[0.3,0.6]": {
                    "value": 0.9977182338525784, 
                    "error": 0.00010935274959364125
                }, 
                "eta:[1.6,2.1]": {
                    "value": 0.9915857309148951, 
                    "error": 0.00024197462910276172
                }, 
                "eta:[-1.6,-1.2]": {
                    "value": 0.9943817041757437, 
                    "error": 0.00022775874573829316
                }, 
                "eta:[-1.2,-0.9]": {
                    "value": 0.9954120912814831, 
                    "error": 0.00026695762982562163
                }, 
                "eta:[0.2,0.3]": {
                    "value": 0.9958348190066358, 
                    "error": 0.00022436528381277853
                }, 
                "eta:[-2.1,-1.6]": {
                    "value": 0.9921486235737157, 
                    "error": 0.00025314258457861423
                }, 
                "eta:[1.2,1.6]": {
                    "value": 0.9934228701966894, 
                    "error": 0.000236104134772919
                }, 
                "eta:[-0.3,-0.2]": {
                    "value": 0.9943627746831516, 
                    "error": 0.0002333535504140649
                }, 
                "eta:[-0.2,0.2]": {
                    "value": 0.9946999405595658, 
                    "error": 9.946830752614622e-05
                }, 
                "eta:[-0.9,-0.6]": {
                    "value": 0.9958960600784716, 
                    "error": 0.00012324256038735113
                }, 
                "eta:[0.6,0.9]": {
                    "value": 0.9973702130557878, 
                    "error": 0.00012062795917430636
                }, 
                "eta:[-2.4,-2.1]": {
                    "value": 0.9827411743029004, 
                    "error": 0.0010114580506626984
                }, 
                "eta:[2.1,2.4]": {
                    "value": 0.9768016817977526, 
                    "error": 0.0010353382955314598
                }, 
                "eta:[0.9,1.2]": {
                    "value": 0.9968841114707848, 
                    "error": 0.0002552920726163836
                }, 
                "eta:[-0.6,-0.3]": {
                    "value": 0.9957665184441676, 
                    "error": 0.00011977342692193004
                }
           }    
        }
    }
}
