{
    "NUM_UltraTightIso4_DEN_TightIDandIPCut": {
        "abseta_pt": {
            "abseta:[1.20,2.10]": {
                "pt:[20.00,25.00]": {
                    "value": 0.9990739761100167, 
                    "error": 0.005590930309048599
                }, 
                "pt:[50.00,60.00]": {
                    "value": 0.9936863629653242, 
                    "error": 0.0015342332811115536
                }, 
                "pt:[25.00,30.00]": {
                    "value": 0.9939586449831743, 
                    "error": 0.0031659884723771368
                }, 
                "pt:[60.00,120.00]": {
                    "value": 0.9947461339749593, 
                    "error": 0.0022171715697764664
                }, 
                "pt:[30.00,40.00]": {
                    "value": 0.9922693481297475, 
                    "error": 0.0011395282238791085
                }, 
                "pt:[40.00,50.00]": {
                    "value": 0.9926529727545604, 
                    "error": 0.0007451165633059341
                }
            }, 
            "abseta:[2.10,2.40]": {
                "pt:[20.00,25.00]": {
                    "value": 0.9796068645344888, 
                    "error": 0.007632205207239263
                }, 
                "pt:[50.00,60.00]": {
                    "value": 0.9894771103540444, 
                    "error": 0.0025804799895265823
                }, 
                "pt:[25.00,30.00]": {
                    "value": 0.9860393993570962, 
                    "error": 0.0044444076368537425
                }, 
                "pt:[60.00,120.00]": {
                    "value": 0.9902784227814128, 
                    "error": 0.003820293391906899
                }, 
                "pt:[30.00,40.00]": {
                    "value": 0.9855250690577188, 
                    "error": 0.001735147112312193
                }, 
                "pt:[40.00,50.00]": {
                    "value": 0.9869185181011919, 
                    "error": 0.0012320693445261248
                }
            }, 
            "abseta:[0.90,1.20]": {
                "pt:[20.00,25.00]": {
                    "value": 1.0041060230009742, 
                    "error": 0.013777158449375977
                }, 
                "pt:[50.00,60.00]": {
                    "value": 0.9953958729804858, 
                    "error": 0.0026822732885428834
                }, 
                "pt:[25.00,30.00]": {
                    "value": 0.9957012642364385, 
                    "error": 0.007169334640717179
                }, 
                "pt:[60.00,120.00]": {
                    "value": 0.9946955446709634, 
                    "error": 0.003810041155181897
                }, 
                "pt:[30.00,40.00]": {
                    "value": 0.9958138606384097, 
                    "error": 0.002213299080067245
                }, 
                "pt:[40.00,50.00]": {
                    "value": 0.9967224132517661, 
                    "error": 0.0013547143027448992
                }
            }, 
            "abseta:[0.00,0.90]": {
                "pt:[20.00,25.00]": {
                    "value": 1.002911446946363, 
                    "error": 0.0076684778140638996
                }, 
                "pt:[50.00,60.00]": {
                    "value": 1.0006923678220878, 
                    "error": 0.0013615825473485069
                }, 
                "pt:[25.00,30.00]": {
                    "value": 1.0066000984320158, 
                    "error": 0.003860192199488494
                }, 
                "pt:[60.00,120.00]": {
                    "value": 1.0007573345197227, 
                    "error": 0.0018793756310314517
                }, 
                "pt:[30.00,40.00]": {
                    "value": 1.0044348436003137, 
                    "error": 0.0012835342036185624
                }, 
                "pt:[40.00,50.00]": {
                    "value": 1.0031359538479143, 
                    "error": 0.001781477859798916
                }
            }
        }
    }
}