{
    "NUM_IsoMu27_DEN_empty": {
        "abseta_pt": {
            "abseta:[1.20,2.10]": {
                "pt:[32.00,36.00]": {
                    "value": 0.9895106828882063, 
                    "error": 0.002258715416388811
                }, 
                "pt:[40.00,45.00]": {
                    "value": 0.9914091908675345, 
                    "error": 0.0010161392438001792
                }, 
                "pt:[50.00,55.00]": {
                    "value": 0.9881970441247314, 
                    "error": 0.0019741091298139616
                }, 
                "pt:[45.00,50.00]": {
                    "value": 0.9901047625687464, 
                    "error": 0.001188984904825359
                }, 
                "pt:[36.00,40.00]": {
                    "value": 0.9925843546528709, 
                    "error": 0.0015183582817143986
                }, 
                "pt:[60.00,80.00]": {
                    "value": 0.9860931754920906, 
                    "error": 0.0031139665531544213
                }, 
                "pt:[80.00,120.00]": {
                    "value": 0.9848000639090517, 
                    "error": 0.007692845273615401
                }, 
                "pt:[29.00,32.00]": {
                    "value": 0.9836911289972108, 
                    "error": 0.004032062201395934
                }, 
                "pt:[55.00,60.00]": {
                    "value": 0.9875834634830799, 
                    "error": 0.002467934610963284
                }
            }, 
            "abseta:[2.10,2.40]": {
                "pt:[32.00,36.00]": {
                    "value": 0.8950302713451228, 
                    "error": 0.005524148501069593
                }, 
                "pt:[40.00,45.00]": {
                    "value": 0.9251052407245394, 
                    "error": 0.002896966026080214
                }, 
                "pt:[50.00,55.00]": {
                    "value": 0.9411189914668362, 
                    "error": 0.0056102211637769515
                }, 
                "pt:[45.00,50.00]": {
                    "value": 0.9323558816691024, 
                    "error": 0.0035492535832184007
                }, 
                "pt:[36.00,40.00]": {
                    "value": 0.9132907098939685, 
                    "error": 0.003920106464081599
                }, 
                "pt:[60.00,80.00]": {
                    "value": 0.9465330009262546, 
                    "error": 0.009787042633966087
                }, 
                "pt:[80.00,120.00]": {
                    "value": 0.9489262022314006, 
                    "error": 0.023524372728335335
                }, 
                "pt:[29.00,32.00]": {
                    "value": 0.8558348298922216, 
                    "error": 0.00991754450439843
                }, 
                "pt:[55.00,60.00]": {
                    "value": 0.9436912373902809, 
                    "error": 0.00983524045881827
                }
            }, 
            "abseta:[0.90,1.20]": {
                "pt:[32.00,36.00]": {
                    "value": 0.9513783579836935, 
                    "error": 0.0022356470787222764
                }, 
                "pt:[40.00,45.00]": {
                    "value": 0.952202373466502, 
                    "error": 0.0009891246554686115
                }, 
                "pt:[50.00,55.00]": {
                    "value": 0.9507199175371044, 
                    "error": 0.001949664451827037
                }, 
                "pt:[45.00,50.00]": {
                    "value": 0.9502472254893739, 
                    "error": 0.001166878077116706
                }, 
                "pt:[36.00,40.00]": {
                    "value": 0.9525335957898208, 
                    "error": 0.0014046297527331888
                }, 
                "pt:[60.00,80.00]": {
                    "value": 0.9452036119726616, 
                    "error": 0.0032199010510074316
                }, 
                "pt:[80.00,120.00]": {
                    "value": 0.9476873968205937, 
                    "error": 0.0062284562928366025
                }, 
                "pt:[29.00,32.00]": {
                    "value": 0.9477917256678784, 
                    "error": 0.004113624026876334
                }, 
                "pt:[55.00,60.00]": {
                    "value": 0.9493658645770896, 
                    "error": 0.0031757416607260396
                }
            }, 
            "abseta:[0.00,0.90]": {
                "pt:[32.00,36.00]": {
                    "value": 0.9720351876105527, 
                    "error": 0.0009185207362363046
                }, 
                "pt:[40.00,45.00]": {
                    "value": 0.9719300038516796, 
                    "error": 0.0005261280232375716
                }, 
                "pt:[50.00,55.00]": {
                    "value": 0.9713356581948663, 
                    "error": 0.0010623159548173657
                }, 
                "pt:[45.00,50.00]": {
                    "value": 0.9714079663576841, 
                    "error": 0.0006261918105685478
                }, 
                "pt:[36.00,40.00]": {
                    "value": 0.9719745322203779, 
                    "error": 0.000675681553620614
                }, 
                "pt:[60.00,80.00]": {
                    "value": 0.9707661133359586, 
                    "error": 0.0019650995020350885
                }, 
                "pt:[80.00,120.00]": {
                    "value": 0.9716365789407116, 
                    "error": 0.062090231790614694
                }, 
                "pt:[29.00,32.00]": {
                    "value": 0.9688073200446685, 
                    "error": 0.0016376667548487745
                }, 
                "pt:[55.00,60.00]": {
                    "value": 0.9715515312827272, 
                    "error": 0.06042948596083511
                }
            }
        }
    }
}