{
	"WP80PlusIso_BCD" : {
		"eta_pt_ratio" : {
			"eta:[ 0.00, 0.80]":{
				"pt:[10.00,20.00]":{
					"value":0.983263598326,
					"error":0.022376796873
				},
				"pt:[20.00,25.00]":{
					"value":0.990163934426,
					"error":0.0103031189262
				},
				"pt:[25.00,30.00]":{
					"value":0.969026548673,
					"error":0.00482066075552
				},
				"pt:[30.00,35.00]":{
					"value":0.97131147541,
					"error":0.00312973212888
				},
				"pt:[35.00,40.00]":{
					"value":0.973924380704,
					"error":0.00233671501974
				},
				"pt:[40.00,50.00]":{
					"value":0.97270471464,
					"error":0.00213701518516
				},
				"pt:[50.00,60.00]":{
					"value":0.975932611312,
					"error":0.00223515972926
				},
				"pt:[60.00,70.00]":{
					"value":0.978672985782,
					"error":0.0064320236525
				},
				"pt:[70.00,200.00]":{
					"value":0.982352941176,
					"error":0.00409356725146
				}
			},
			"eta:[ 0.80, 1.44]":{
				"pt:[10.00,20.00]":{
					"value":0.902004454343,
					"error":0.0140602165011
				},
				"pt:[20.00,25.00]":{
					"value":0.897520661157,
					"error":0.0139383288581
				},
				"pt:[25.00,30.00]":{
					"value":0.929307805596,
					"error":0.0111590926238
				},
				"pt:[30.00,35.00]":{
					"value":0.935047361299,
					"error":0.00487236658846
				},
				"pt:[35.00,40.00]":{
					"value":0.942159383033,
					"error":0.00231125081761
				},
				"pt:[40.00,50.00]":{
					"value":0.951100244499,
					"error":0.00265624554756
				},
				"pt:[50.00,60.00]":{
					"value":0.958133971292,
					"error":0.0583878167858
				},
				"pt:[60.00,70.00]":{
					"value":0.961313012896,
					"error":0.00621645953961
				},
				"pt:[70.00,200.00]":{
					"value":0.96412037037,
					"error":0.00584804074811
				}
			},
			"eta:[ 1.44, 1.57]":{
				"pt:[10.00,20.00]":{
					"value":0.888607594937,
					"error":0.0357737319849
				},
				"pt:[20.00,25.00]":{
					"value":0.836095764273,
					"error":0.0296618861331
				},
				"pt:[25.00,30.00]":{
					"value":0.884057971014,
					"error":0.0278297795077
				},
				"pt:[30.00,35.00]":{
					"value":0.891304347826,
					"error":0.0111260381386
				},
				"pt:[35.00,40.00]":{
					"value":0.922131147541,
					"error":0.0069032843051
				},
				"pt:[40.00,50.00]":{
					"value":0.924242424242,
					"error":0.00908398740152
				},
				"pt:[50.00,60.00]":{
					"value":0.94175960347,
					"error":0.00871929721717
				},
				"pt:[60.00,70.00]":{
					"value":0.922982885086,
					"error":0.0187138513983
				},
				"pt:[70.00,200.00]":{
					"value":0.922444183314,
					"error":0.0216948455264
				}
			},
			"eta:[ 1.57, 1.80]":{
				"pt:[10.00,20.00]":{
					"value":0.784860557769,
					"error":0.0195975767766
				},
				"pt:[20.00,25.00]":{
					"value":0.832288401254,
					"error":0.017738158301
				},
				"pt:[25.00,30.00]":{
					"value":0.852005532503,
					"error":0.00859169879982
				},
				"pt:[30.00,35.00]":{
					"value":0.875160875161,
					"error":0.0061244886898
				},
				"pt:[35.00,40.00]":{
					"value":0.899752475248,
					"error":0.0406896448525
				},
				"pt:[40.00,50.00]":{
					"value":0.922894424674,
					"error":0.00331425380052
				},
				"pt:[50.00,60.00]":{
					"value":0.932261768083,
					"error":0.0573562922999
				},
				"pt:[60.00,70.00]":{
					"value":0.932049830125,
					"error":0.00915732650798
				},
				"pt:[70.00,200.00]":{
					"value":0.955506117909,
					"error":0.0110940194015
				}
			},
			"eta:[ 1.80, 2.17]":{
				"pt:[10.00,20.00]":{
					"value":0.736842105263,
					"error":0.0188621813233
				},
				"pt:[20.00,25.00]":{
					"value":0.800316957211,
					"error":0.0142256845865
				},
				"pt:[25.00,30.00]":{
					"value":0.829545454545,
					"error":0.00819656190097
				},
				"pt:[30.00,35.00]":{
					"value":0.852437417655,
					"error":0.00540287311675
				},
				"pt:[35.00,40.00]":{
					"value":0.884955752212,
					"error":0.00418501550833
				},
				"pt:[40.00,50.00]":{
					"value":0.906137184116,
					"error":0.00295254699264
				},
				"pt:[50.00,60.00]":{
					"value":0.928738317757,
					"error":0.00562640067736
				},
				"pt:[60.00,70.00]":{
					"value":0.923165137615,
					"error":0.00914364741854
				},
				"pt:[70.00,200.00]":{
					"value":0.962837837838,
					"error":0.011936897975
				}
			},
			"eta:[ 2.17, 2.50]":{
				"pt:[10.00,20.00]":{
					"value":0.861035422343,
					"error":0.0262773345847
				},
				"pt:[20.00,25.00]":{
					"value":0.848540145985,
					"error":0.0227045995012
				},
				"pt:[25.00,30.00]":{
					"value":0.861958266453,
					"error":0.0119794757342
				},
				"pt:[30.00,35.00]":{
					"value":0.890510948905,
					"error":0.0108725241687
				},
				"pt:[35.00,40.00]":{
					"value":0.899045020464,
					"error":0.00797233946473
				},
				"pt:[40.00,50.00]":{
					"value":0.916237113402,
					"error":0.0049342332521
				},
				"pt:[50.00,60.00]":{
					"value":0.9317617866,
					"error":0.0098318594344
				},
				"pt:[60.00,70.00]":{
					"value":0.963008631319,
					"error":0.0251511433614
				},
				"pt:[70.00,200.00]":{
					"value":0.946511627907,
					"error":0.0153613025309
				}
			},
			"eta:[-0.80, 0.00]":{
				"pt:[10.00,20.00]":{
					"value":0.972340425532,
					"error":0.022376796873
				},
				"pt:[20.00,25.00]":{
					"value":0.959016393443,
					"error":0.0103031189262
				},
				"pt:[25.00,30.00]":{
					"value":0.956140350877,
					"error":0.00482084275461
				},
				"pt:[30.00,35.00]":{
					"value":0.947010869565,
					"error":0.00312997343157
				},
				"pt:[35.00,40.00]":{
					"value":0.944587628866,
					"error":0.00233671501974
				},
				"pt:[40.00,50.00]":{
					"value":0.949693251534,
					"error":0.00213701518516
				},
				"pt:[50.00,60.00]":{
					"value":0.950177935943,
					"error":0.00223515972926
				},
				"pt:[60.00,70.00]":{
					"value":0.960093896714,
					"error":0.0064320236525
				},
				"pt:[70.00,200.00]":{
					"value":0.961627906977,
					"error":0.00409356725146
				}
			},
			"eta:[-1.44,-0.80]":{
				"pt:[10.00,20.00]":{
					"value":0.913333333333,
					"error":0.0140605316026
				},
				"pt:[20.00,25.00]":{
					"value":0.928925619835,
					"error":0.0139384564664
				},
				"pt:[25.00,30.00]":{
					"value":0.935578330893,
					"error":0.0111590926238
				},
				"pt:[30.00,35.00]":{
					"value":0.941970310391,
					"error":0.00487236658846
				},
				"pt:[35.00,40.00]":{
					"value":0.946291560102,
					"error":0.00231125081761
				},
				"pt:[40.00,50.00]":{
					"value":0.952612393682,
					"error":0.00265624554756
				},
				"pt:[50.00,60.00]":{
					"value":0.950295857988,
					"error":0.0584086937503
				},
				"pt:[60.00,70.00]":{
					"value":0.967327887981,
					"error":0.00621645953961
				},
				"pt:[70.00,200.00]":{
					"value":0.956719817768,
					"error":0.00584791234295
				}
			},
			"eta:[-1.57,-1.44]":{
				"pt:[10.00,20.00]":{
					"value":0.851485148515,
					"error":0.0357737319849
				},
				"pt:[20.00,25.00]":{
					"value":0.91094619666,
					"error":0.0296611268182
				},
				"pt:[25.00,30.00]":{
					"value":0.956810631229,
					"error":0.0278299124493
				},
				"pt:[30.00,35.00]":{
					"value":0.921944035346,
					"error":0.0111260381386
				},
				"pt:[35.00,40.00]":{
					"value":0.945280437756,
					"error":0.0069032843051
				},
				"pt:[40.00,50.00]":{
					"value":0.945431472081,
					"error":0.00908398740152
				},
				"pt:[50.00,60.00]":{
					"value":0.945679012346,
					"error":0.00871906875923
				},
				"pt:[60.00,70.00]":{
					"value":0.93583535109,
					"error":0.0187127250553
				},
				"pt:[70.00,200.00]":{
					"value":0.975059382423,
					"error":0.0216942801442
				}
			},
			"eta:[-1.80,-1.57]":{
				"pt:[10.00,20.00]":{
					"value":0.751968503937,
					"error":0.0195973162454
				},
				"pt:[20.00,25.00]":{
					"value":0.806451612903,
					"error":0.0177379815793
				},
				"pt:[25.00,30.00]":{
					"value":0.826206896552,
					"error":0.00859189756736
				},
				"pt:[30.00,35.00]":{
					"value":0.857512953368,